id,subject,body,label
ff66bffa849e5a54,phuong add quynh le sales executive,do you know quynh le yes connect more people you may know toàn nguyễn tiến student at hcmc university of technology and engineering phan hồ minh trí student at hcmc university of technology and education trang nguyễn sinh viên tại hcmc university of technology and education phan hoàng phúc student at hcmc university of technology and education diem quynh le sales export logistic intern international business davipharm hcmute see more people you might know this email was intended for phuong bikum student at hcmc university of technology and education learn why we included this you are receiving people you may know notification emails unsubscribe help 2026 linkedin corporation 1zwnj000 west maude avenue sunnyvale ca linkedin and the linkedin logo are registered trademarks of linkedin,0
3c90177d7c835348,cảnh báo bảo mật cho,đây là bản sao cảnh báo bảo mật được gửi tới là email khôi phục cho tài khoản này nếu bạn không nhận ra tài khoản này hãy xoá địa chỉ email đó mới đăng nhập trên linux chúng tôi phát hiện thấy có một yêu cầu đăng nhập mới vào tài khoản google của bạn trên một thiết bị linux nếu đây là yêu cầu của bạn thì bạn không phải làm gì thêm nếu đây không phải là yêu cầu của bạn thì chúng tôi sẽ giúp bạn bảo mật tài khoản kiểm tra hoạt động bạn cũng có thể xem hoạt động bảo mật tại chúng tôi gửi email này để thông báo cho bạn biết về những thay đổi quan trọng đối với tài khoản google và dịch vụ của bạn 2026 google llc 1600 amphitheatre parkway mountain view ca usa,0
a23f2ceb148b24f1,phuong add toàn nguyễn tiến,do you know toàn nguyễn tiến yes connect more people you may know phuong tran senior student in data engineering truong nguyen fullstack developer at entrosoft đủ trần back end developer lan nguyên nguyễn management staff tại yobante express nguyễn sang huy backend developer java nestjs typescript see more people you might know this email was intended for phuong bikum student at hcmc university of technology and education learn why we included this you are receiving people you may know notification emails unsubscribe help 2026 linkedin corporation 1zwnj000 west maude avenue sunnyvale ca linkedin and the linkedin logo are registered trademarks of linkedin,0
def5babc466e233d,phuong add lan nguyên nguyễn operations team member,do you know lan nguyên nguyễn yes connect more people you may know tien dat sinh viên tại trường đại học công nghệ kỹ thuật thành phố hồ chí minh tran tuyen student at hcmc university of technology and education cong quy nguyen backend developer at accessed vietnam huyen luong human resources positions at bosch vietnam ngân nguyễn thị thúy logistics and supply chain see more people you might know this email was intended for phuong bikum student at hcmc university of technology and education learn why we included this you are receiving people you may know notification emails unsubscribe help 2026 linkedin corporation 1zwnj000 west maude avenue sunnyvale ca linkedin and the linkedin logo are registered trademarks of linkedin,0
72e30deeb8e838c5,phuong add huy hoàng lã software engineer,do you know huy hoàng lã yes connect more people you may know phạm tiến anh product backend at geek up an thành data engineer database developer duy huynh thanh student at hcmc university of technology and education software engineering student seeking web development internship java javascript node js phat dang student at hcmute starting at aws first cloud journey aws study group thy nguyễn quốc minh sinh viên tại hcmc university of technology and engineering see more people you might know this email was intended for phuong bikum student at hcmc university of technology and education learn why we included this you are receiving people you may know notification emails unsubscribe help 2026 linkedin corporation 1zwnj000 west maude avenue sunnyvale ca linkedin and the linkedin logo are registered trademarks of linkedin,0
5c2aee4abff3987f,cảnh báo bảo mật cho,đây là bản sao cảnh báo bảo mật được gửi tới là email khôi phục cho tài khoản này nếu bạn không nhận ra tài khoản này hãy xoá địa chỉ email đó điện thoại khôi phục đã bị thay đổi cho tài khoản google được liên kết của bạn ai đó đã thay đổi số điện thoại khôi phục cho tài khoản của bạn nếu bạn không thực hiện thay đổi này thì bạn nên kiểm tra xem điều gì đã xảy ra kiểm tra hoạt động bạn cũng có thể xem hoạt động bảo mật tại chúng tôi gửi email này để thông báo cho bạn biết về những thay đổi quan trọng đối với tài khoản google và dịch vụ của bạn 2026 google llc 1600 amphitheatre parkway mountain view ca usa,0
be7adcfb106c6399,mã xác minh cho email khôi phục,google xác minh email khôi phục của bạn google đã nhận được yêu cầu sử dụng làm email khôi phục cho tài khoản google sử dụng mã này để hoàn tất việc thiết lập email khôi phục này mã này sẽ hết hạn sau 24 giờ nếu không nhận ra bạn có thể yên tâm bỏ qua email này chúng tôi gửi email này để thông báo cho bạn biết về những thay đổi quan trọng đối với tài khoản google và dịch vụ của bạn 2026 google llc 1600 amphitheatre parkway mountain view ca usa,0
2745d2ce57869128,phuong add hà thị phường o hara supply planning executive,do you know hà thị phường o hara yes connect more people you may know quang năng quách purchasing staff at vietnam source jsc bachelor of logistics and supply chain management at hcmc university of technology and education ngân nguyễn thị thúy logistics and supply chain tham pham hr talent acquisition intern huyen luong human resources positions at bosch vietnam thy nguyễn quốc minh sinh viên tại hcmc university of technology and engineering see more people you might know this email was intended for phuong bikum student at hcmc university of technology and education learn why we included this you are receiving people you may know notification emails unsubscribe help 2026 linkedin corporation 1zwnj000 west maude avenue sunnyvale ca linkedin and the linkedin logo are registered trademarks of linkedin,0
bbf9d3910fc8c873,nhận ưu đãi 40 giữ suất đăng ký mochivocab premium,chào bạn cảm ơn bạn đã quan tâm đến mochivocab nếu bạn vẫn đang tìm một cách học từ vựng hiệu quả và dễ duy trì mochi gửi tặng bạn ưu đãi 40 dành riêng cho bạn hạn đến 31 03 2026 chỉ cần một chút đầu tư bạn có thể mở khóa toàn bộ hệ thống học từ vựng được thiết kế để giúp bạn nhớ lâu theo một cách hoàn toàn khác so với việc học từ trước đây mochivocab giúp bạn ghi nhớ 1000 từ vựng trong 1 tháng với tính năng thời điểm vàng ứng dụng sử dụng spaced repetition kết hợp thuật toán để nhắc bạn ôn tập ngay trước khi bạn quên giúp tăng khả năng ghi nhớ lâu dài hệ thống 5 cấp độ ghi nhớ mochivocab giúp bạn theo dõi mức độ ghi nhớ qua biểu đồ trực quan từ đó bạn biết mình cần tập trung ôn tập phần nào 8000 từ vựng 20 khóa học theo chủ đề mỗi bài học được chia nhỏ 10 từ dễ học mỗi ngày từ vựng được trình bày dưới dạng flashcard đầy đủ hình ảnh phiên âm phát âm nghĩa và ví dụ tra và lưu 70 000 từ vựng mở rộng tra nhanh lưu từ mới vào app và ôn tập lại bất cứ lúc nào mochi rất mong có thể đồng hành cùng bạn trên chặng đường chinh phục tiếng anh nếu cần hỗ trợ thêm đừng ngần ngại phản hồi chúng mình qua mail này hoặc nhắn tin cho mochi nhé mochidemy website fanpage,0
16add6437ea83d14,trần lý gia bảo and others share their thoughts on linkedin,trần lý gia bảo shared a post 𝐁𝐎𝐒𝐂𝐇 𝐒 𝐖𝐄𝐄𝐊𝐋𝐘 𝐈𝐍𝐓𝐄𝐑𝐍𝐒𝐇𝐈𝐏 𝐎𝐏𝐏𝐎𝐑𝐓𝐔𝐍𝐈𝐓𝐈𝐄𝐒 𝐁𝐑𝐎𝐀𝐃𝐂𝐀𝐒𝐓 𝟏 𝐓𝐡𝐞 𝐁𝐨𝐬𝐜𝐡 𝐇𝐜𝐏 and 𝐭𝐡𝐞 𝐁𝐨𝐬𝐜𝐡 like praise empathy 44 read more hcmc university of technology and engineering shared a post happy lunar new year like praise empathy 51 1 comment read more see more on linkedin this email was intended for phuong bikum student at hcmc university of technology and education learn why we included this you are receiving network conversations emails some content may be automatically translated based on your settings unsubscribe help 2026 linkedin corporation 1zwnj000 west maude avenue sunnyvale ca linkedin and the linkedin logo are registered trademarks of linkedin,0
6fab3a4861372cd0,phuong add quang năng quách,do you know quang năng quách yes connect more people you may know lan nguyên nguyễn management staff tại yobante express nguyễn lý hùng sinh viên tại trường đại học sư phạm kỹ thuật hồ chí minh minh hoang data engineer trương thị mai huyền sinh viên tại hcmc university of technology and education quynh le sales executive opl logistics jsc contact via hp whatsapp 84 see more people you might know this email was intended for phuong bikum student at hcmc university of technology and education learn why we included this you are receiving people you may know notification emails unsubscribe help 2026 linkedin corporation 1zwnj000 west maude avenue sunnyvale ca linkedin and the linkedin logo are registered trademarks of linkedin,0
0c9cd2e92ddb8ed1,phuong add trần lý gia bảo talent acquisition intern,do you know trần lý gia bảo yes connect more people you may know ngoc linh nguyen student at hcmc university of technology and education nam giang phạm lê english linguistics student at hcm university of technology and education phạm tiến anh product backend at geek up nguyễn thị thúy ngân logistics and supply chain cong minh dang npd engineer see more people you might know this email was intended for phuong bikum student at hcmc university of technology and education learn why we included this you are receiving people you may know notification emails unsubscribe help 2026 linkedin corporation 1zwnj000 west maude avenue sunnyvale ca linkedin and the linkedin logo are registered trademarks of linkedin,0
4230da34b0592178,phuong add hà thị phường o hara teaching assistant optimization subject,do you know hà thị phường o hara yes connect more people you may know phat dang student at hcmc university of technology and education kiet le quoc student at hcmc university of technology and education hori my ca sinh viên tại spkt cong quy nguyen backend developer at accessed vietnam la van vu student at hcmc university of technology and education see more people you might know this email was intended for phuong bikum student at hcmc university of technology and education learn why we included this you are receiving people you may know notification emails unsubscribe help 2026 linkedin corporation 1zwnj000 west maude avenue sunnyvale ca linkedin and the linkedin logo are registered trademarks of linkedin,0
11235286fcd9e8f4,phuong add anh quan nguyễn 36 connections,do you know anh quan nguyễn yes connect more people you may know nguyễn thị thúy ngân logistics and supply chain lan nguyên nguyễn management staff tại yobante express thọ trịnh artificial intelligence student at hcmute do le thanh logistics and supply chain management student at hcmc university of technology and education 2026 graduation tham pham hr talent acquisition intern see more people you might know this email was intended for phuong bikum student at hcmc university of technology and education learn why we included this you are receiving people you may know notification emails unsubscribe help 2026 linkedin corporation 1zwnj000 west maude avenue sunnyvale ca linkedin and the linkedin logo are registered trademarks of linkedin,0
866d00e7cfac3a9b,phuong add quang năng quách 500 connections,do you know quang năng quách yes connect more people you may know ngoc tran vo huynh recruitment intern at tgl solutions industrial management hcm ute han nguyen it student hcmute nguyen thi bich van student at đại học sư phạm kỹ thuật thành phố hồ chí minh tiến nguyễn student at hcmc university of technology and education see more people you might know this email was intended for phuong bikum student at hcmc university of technology and education learn why we included this you are receiving people you may know notification emails unsubscribe help 2026 linkedin corporation 1zwnj000 west maude avenue sunnyvale ca linkedin and the linkedin logo are registered trademarks of linkedin,0
0e0dabc08608e9c5,phuong add nam lê quốc full stack developer,do you know nam lê quốc yes connect more people you may know hà thị phường o hara planning supply chain anh quan nguyễn maintenance technician electrical mechanical maintenance manufacturing huy hoàng lã backend engineering and devops huyen luong human resources positions at bosch vietnam phat dang student at hcmc university of technology and education see more people you might know this email was intended for phuong bikum student at hcmc university of technology and education learn why we included this you are receiving people you may know notification emails unsubscribe help 2026 linkedin corporation 1zwnj000 west maude avenue sunnyvale ca linkedin and the linkedin logo are registered trademarks of linkedin,0
c29a676c3664f8e4,công ty trách nhiệm hữu hạn một thành viên đồng phước tây ninh thông báo phát hành hóa đơn điện tử số trần đông phương,chú ý đây là email tự động từ hệ thống vui lòng không phản hồi reply lại email này kính gửi trần đông phương mst công ty trách nhiệm hữu hạn một thành viên đồng phước tây ninh vừa phát hành hóa đơn điện tử đến quý công ty với nội dung như sau mẫu số hóa đơn 5 ký hiệu hóa đơn c26gvd số hóa đơn ngày lập hóa đơn 25 01 2026 mã cơ quan thuế 00df7dc ab475f8da2ebffd6c1db67 mã tra cứu ca970f771fad41cea2c9f78be724cf69 xem nhanh kiểm tra tính hợp lệ của hóa đơn trân trọng công ty trách nhiệm hữu hạn một thành viên đồng phước tây ninh giải pháp hóa đơn điện tử an toàn được cung cấp bởi matbao invoice một sản phẩm của công ty cổ phần mắt bão mst,0
e91d05aff26aee66,dong phuoc xác nhận thanh toán thành công mã vé yf813g,quý khách vui lòng không phản hồi về địa chỉ email này vì chúng tôi sẽ không nhận được để gửi phản hồi quý khách vui lòng liên hệ số hotline nhà xe đồng phước chỉ tiếp nhận và xử lí các yêu cầu từ cuộc gọi của quý khách trong giờ làm việc xin cảm ơn quý khách cảm ơn quý khách trần đông phương chúng tôi biết quý khách có nhiều sự lựa chọn cảm ơn quý khách đã tin tưởng sử dụng dịch vụ của đồng phước hướng dẫn các bước nhận vé và lên xe quý khách vui lòng đến điểm đón trước ít nhất 30 phút đối với ngày thường hoặc 60 phút đối với ngày lễ tết để in vé giấy đổi vé giấy nếu có và làm thủ tục lên xe quý khách vui lòng cung cấp số điện thoại chính xác và giữ điện thoại luôn mở để tài xế nhân viên nhà xe có thể liên lạc được lưu ý chính sách huỷ tuỳ thuộc vào nhà xe và có thể thay đổi tuỳ theo thời điểm thời gian huỷ phí huỷ trước 3 tiếng trước giờ khởi hành 0 từ 0 đến 3 tiếng trước giờ khởi hành không hoàn tiền lưu ý đặt vé hoặc đặt xe vào dịp lễ tết sẽ không được huỷ đổi trả theo chính sách của nhà xe để kiểm tra thông tin đơn hàng quý khách vui lòng xem tại đây 30 phút sau khi thanh toán quý khách vẫn chưa nhận được tin nhắn và email xác nhận vui lòng liên hệ với chúng tôi theo hotline trong giờ làm việc để hỗ trợ đón trả dọc đường gửi hàng xe máy xuất hoá đơn vat và các thông tin khác liên quan đến chuyến đi xin quý khách vui lòng liên hệ văn phòng nhà xe tài xế xe biển số xe 70b 023 15 lưu ý vì tài xế cần tập trung điều khiển xe xin quý khách vui lòng hạn chế gọi tài xế nếu chưa có việc khẩn cấp trường hợp quý khách không thể liên lạc với tài xế vui lòng liên hệ hotline của chúng tôi trong giờ làm việc 7 00 22 00 thời gian và địa điểm đón có thể bị thay đổi do một số điều kiện khách quan nhà xe sẽ liên hệ với quý khách trong thời gian sớm nhất để thông báo nếu như có sự thay đổi trên xảy ra đối với loại xe vip limousine quý khách vui lòng chỉ mang tối đa 1 túi nhỏ xách tay và 1 hành lí kí gửi có khối lượng từ 10kg trở xuống để biết thêm thông tin chi tiết xin vui lòng liên hệ tổng đài trong giờ làm việc giờ đến là giờ dự kiến nhằm giúp quý khách hình dung về chuyến xe thuận tiện hơn giờ đến thực tế có thể trễ hay sớm hơn tùy thuộc vào nhà xe tài xế lộ trình lưu lượng giao thông thời tiết và các yếu tố khác nằm ngoài khả năng kiểm soát trường hợp quý khách cần đúng giờ đến vì có các lịch trình tiếp theo ví dụ máy bay tàu xe tour du lịch và các sự kiện khác vui lòng đặt các chuyến xe có giờ dự kiến đến sớm hơn lịch trình của mình chúng tôi sẽ không chịu trách nhiệm đối với các trường hợp có giờ đến dự kiến không chính xác mã đơn hàng yf813g thông tin đơn hàng hãng xe đồng phước loại xe ghế ngồi 29 chỗ điểm đón trạm hòa thành 268 phạm hùng long thới hòa thành tây ninh giờ đón dự kiến 18 00 ngày 25 01 2026 điểm trả bến xe an sương ql22 hóc môn hồ chí minh số ghế giường 24 giá vé 100 000 vnd 1 vé tuyến tây ninh an sương xuất phát 17 50 ngày 25 01 2026 tổng tiền 100 000 vnd thông tin liên hệ biển số xe 70b 023 15 số điện thoại phụ xe thông tin đang được cập nhật số điện thoại tài xế số điện thoại văn phòng số điện thoại hotline hỗ trợ lưu ý kế hoạch của nhà xe có thể thay đổi về thông tin xe biển số xe số tài trước giờ khởi hành để biết thêm thông tin chi tiết quý khách vui lòng liên hệ hotline nhà xe thông tin hành khách họ tên trần đông phương điện thoại hình thức t t online hủy đơn hàng hotline e ticket 16 16 25 01 2026 đồng phước xin cảm ơn quý khách và rất mong sẽ được phục vụ mọi nhu cầu mua vé xe của quý khách trong tương lai quý khách vui lòng đọc kĩ quy chế của nhà xe tại đây trường hợp cần được hỗ trợ trực tiếp về các vấn đề huỷ vé đổi vé huỷ chuyến xin vui lòng liên hệ dịch vụ chăm sóc khách hàng của chúng tôi công ty tnhh đồng phước vp bến xe an sương kios số 6 ql 22 bà điểm hóc môn bx an sương hóc môn hồ chí minh số điện thoại quận 10 137 đào duy từ phường 5 quận 10 quận 10 hồ chí minh số điện thoại 1900 1152 nhánh 1 vp tây ninh 01 vo van truyen kp 1 p 2 bx tay ninh tây ninh tây ninh số điện thoại hòa thành 268 phạm hùng long thới hòa thành hòa thành tây ninh số điện thoại vp trảng bàng 96 quốc lộ 22b khu phố gia huỳnh trảng bàng trảng bàng tây ninh số điện thoại vp dmc bx đồng phước dương minh châu 198 nguyễn chí thanh tt dương minh châu dương minh châu tây ninh số điện thoại vp tân biên bến xe tân biên khóm 2 thị trấn tân biên tân biên tây ninh tân biên tây ninh số điện thoại vp châu thành quầy vé số 3 bến xe đồng phước châu thành xóm ruộng châu thành tây ninh số điện thoại vp giang tân 826 ql22b long thành nam hòa thành tây ninh số điện thoại vp xa mát tân lập tân biên tây ninh số điện thoại vp chv 43 cmt8 ninh thạnh tp tây ninh hòa thành tây ninh số điện thoại vp đồng phước 136 trưng nữ vương khu phố 1 tây ninh tây ninh số điện thoại vp gò dầu 73 quôc lộ 22 thanh bình b thị trấn gò dâu gò dầu tây ninh số điện thoại vp k13 177 ấp ninh hưng 2 xã chà là đầu đường cầu dừa dương minh châu tây ninh số điện thoại vp chà là dương minh châu tây ninh số điện thoại vp phước đông sau siêu thị coop mart gò dầu,0
61d312bd7fa9d3b0,thanks for filling out this form bài test kiểm tra kiến thức bar,google forms thanks for filling out this form bài test kiểm tra kiến thức bar here s what was received view score bài test kiểm tra kiến thức bar your email was recorded when you submitted this form tiêu chuẩn ra hàng freeze trà xanh hỗn hợp xay vạch thứ 2 từ logo đếm lên hỗn hợp xay đến vạch đầu tiên từ miệng ly đếm xuống hỗn hợp xay mịn và đều bị dăm đá và bọt khí whipping cream phủ 90 bề mặt bột green tea mix cho freeze trà xanh 3 size 30gr 45gr 50gr 35gr 45gr 55gr 35gr 45gr 50gr 40gr 50gr 55gr sữa tươi cho freeze trà xanh 3 size 40ml 50ml 55ml 30ml 40ml 50ml 35ml 45ml 50ml 45ml 50ml 55ml hỗn hợp sữa đặc và đường nước cho freeze trà xanh 3 size 20ml 30ml 40ml 30ml 40ml 50ml 15ml 20ml 30ml 40ml 50ml 60ml có bao nhiêu lát thạch trà xanh cho freeze trà xanh 3 size 5 lát 7 lát 9 lát 18 lát 22 lát 26 lát 8 lát 10 lát 12 lát 10 lát 12 lát 15 lát bột trà xanh trang trí cho ly freeze trà xanh 3 size 1 ít 0 2 gram ly freeze trà xanh bị dăm đá và bọt khí có được ra hàng cho khách không có không màu sắc đúng của phin sữa đá nâu đen nâu sáng nâu vàng đáy ly có cặn cà phê có được phép ra hàng không có không có nhưng cặn ở mức tối thiểu ít thành phẩm ra hàng của phin sữa đá vạch đầu tiên từ logo đếm lên chạm đỉnh logo 3 4 logo vạch thứ 2 từ logo đếm lên đá viên đầy miệng ly hạn sử dụng của cà phê đen 3 tiếng 4 tiếng tính từ lúc chăm nước sôi lần 1 trong ngày hạn sử dụng của hỗn hộp cà phê sữa pha sẵn 1 tiếng 3 tiếng 4 tiếng hsd không vượt quá hsd của cà phê đen pha sẵn hạn sử dụng của sữa đặc 1 ngày 24 tiếng 7 ngày 1 tháng hạn sử dụng của đường mía lỏng 1 tháng 7 ngày 21 ngày 30 ngày hạn sử dụng cà phê truyền thống red bag đã khui bao bì 21 ngày 1 tháng 7 ngày 30 ngày cà phê espresso đã khui bao bì 1 tháng 21 ngày 30 ngày 7 ngày hạn sử dụng syrup hạnh nhân đào sả vải mơ cơm cháy sau khi mở nắp 30 ngày 1 ngày 1 tháng 7 ngày hạn sử dụng green tea mix sau khi khui bao bì 1 tháng 30 ngày 1 ngày 3 ngày hạn sử dụng của oreo decor 1 ngày trong ngày 24 tiếng 3 ngày hạn sử dụng đào lát cắt sẵn trong ngày 24 tiếng đào cắt lát sau khi fill ra khay 6 ngăn sử dụng trong ngày cuối ngày huỷ 1 ngày hạn sử dụng của nguyên vật liệu fill trong khay 6 ngăn 24 tiếng 1 ngày 8 tiếng trong ngày hạn sử dụng trà oolong đã khui bao bì 7 ngày 6 tiếng 4 tiếng 2 ngày hạn sử dụng nước ép tắc chanh chanh dây đã khui bao bì 2 ngày 3 ngày 24 tiếng 1 tháng hạn sử dụng của trân châu dừa và môn 1 ngày 6 tiếng trong ngày 8 tiếng hạn sử dụng của milk foam trong ngày 24 tiếng 1 ngày 3 ngày hạn sử dụng bánh cookie trắng đã khui bao bì 1 ngày 7 ngày 21 ngày 1 tháng các nguyên vật liệu rich sữa tươi milk foam thạch sau khi pha chế xong không để ở ngoài quá bao nhiêu phút 1 phút 1 tiếng 3 phút 5 phút thành phẩm ra hàng của trà sen vàng vạch 1 từ logo đếm lên vạch 2 từ logo đếm lên vạch 3 từ logo đếm lên ngang miệng ly nhiệt độ trà cho phép phục vụ 90 96 độ 50 60 độ 40 50 độ 30 35 độ hạt sen trong trà sen vàng củ năng 8 10 12 10 12 15 15 18 20 10 15 20 sữa tươi cho cappuccino đá 3 size 130 160 200 70 100 110 80 110 120 90 120 150 sữa tươi cho cappuccino nóng 3 size 50 70 110 130 200 60 130 140 160 200 70 120 130 160 200 80 120 130 150 2000 sữa tươi cho latte đá 70 120 150 100 210 250 150 200 250 130 220 250 định lượng trà cho trà sen vàng thanh đào thạch đào thạch vải 100 130 150 100 135 150 100 120 150 90 130 150 thành phẩm ra hàng của phindi kem sữa milk foam ngang miệng ly milk foam tới vạch 2 từ logo đếm lên milk foam tới vạch 3 từ logo đếm lên milk foam tới vạch 2 cho 10oz và vạch 3 cho 12oz 16oz cà phê đen hết hạn sử dụng có được lấy khuấy thạch cà phê không có không nhiệt độ sữa tươi đánh nóng đạt tiêu chuẩn để phục vu cho thức uống nóng là 50 60 độ 55 70 độ 40 50 độ 55 65 độ khi pha cà phê truyền thống phin lớn sau khi cf chiết xuất xong bao lâu cà phê sẽ được lưu trữ trong bình giữ nhiệt sau 30 phút cứ để trên quầy pha chế để trưng bày khi nào có đơn hàng mới chuyển cà phê xuống xài khi cà phê nguội lưu trữ ngay vào bình giữ nhiệt sau khi hoàn tất chu trình chiết suất create your own google form does this form look suspicious report,0
2e01de2a59a7f107,yêu cầu đặt lại mật khẩu discord,hey bikum2301 your discord password can be reset by clicking the button below if you did not request a new password please ignore this email reset password,0
6798e8bf9d7f9c20,phuong you re on a roll on linkedin,now take these next steps for more success we ll send you linkedin updates updates from your network recruiter messages and promotional messages you can change your preferences anytime grow your network for career support trần lý gia bảo student at hcmc university of technology and education hà thị phường o hara planning supply chain see more people you may know this email was intended for phuong bikum student at hcmc university of technology and education learn why we included this you are receiving this email because members like you have also taken these actions unsubscribe help 2025 linkedin corporation 1zwnj000 west maude avenue sunnyvale ca linkedin and the linkedin logo are registered trademarks of linkedin,0
a652cbc9c1ba5d19,why does vietnam call thailand thái lan instead of thái quốc,top stories for phuong question why does vietnam call thailand thái lan instead of thái quốc answer from lucia millar question why does vietnam call thailand thái lan instead of thái quốc answer i believe vietnam calls thailand thái lan because the vietnamese government has used read more question do smokers lungs heal after quitting answer from muzaffer topdagi i ve smoked for 40 years now but was never a heavy smoker something like a pack every two or three days kind of a smoker i recently quit cold turkey it s been 40 days read more question can you use two ssd drives in parallel for faster performance if so how do you do it answer from lászló keresztény yes you can but it s stupid you have 2 options for this raid 0 you can use the full potential of both drives 2x2tb will result is a fast 4tb drive downside if an read more question is a 10x programmer a myth asked in software engineering experiences answer from ellen mahloy i was an it project manager in my 20 s and 30 s and i only met one of them i knew this developer was bright and talented but i didn t realize how brilliant he was until read more question is 13 centimeters average for a 13 year old answer from eddy o donnell no not at all 13 centimeters is way too short for a 13 year old the average 13 year old is around 157 centimeters tall 13 is way too short how are you even typing whe read more question i have a 5 0 gpa 1600 on sat have passed all 10 of my ap courses have 8 letters of recommendations from my ap course instructors and have 1000 hrs of volunteering for local charities will these credentials get me into harvard answer from david m joseph i would give you about a 1 in 25 chance of getting admitted to harvard as someone else mentioned the 1000 hours of volunteering will mean nothing especially since it a read more question why is korean considered a more difficult language than japanese when it s written with an alphabet and not thousands of kanji answer from youjih korean is easier language to read because korea practically abandoned the use of chinese characters while the japanese still extensively utilise chinese character yet o read more question i stupidly used chatgpt to write an essay instead of using myself and the professor caught me i am leaning towards confessing but he says he cannot access records right now that say i used significant ai should i confess or deny answer from robert nicholson as a university professor i m going to give you a very unpopular response deny it make him go through the whole process it s a real pain in the ass for faculty if yo read more question what happens if your card is declined at a restaurant and you ve already eaten the food answer from martin thomas happened to me in vienna austria was there with my son and we ate for approximately 100 usd card did not work i had no cash i was very embarrassed but they waiter ju read more question is the last name nguyễn chinese or vietnamese answer from neky is catherine english or greek the question sounds like this it s absolutely english because the pronunciation and form is already changes from its origin similarly read more question how was your ssc cgl 2024 pre exam answer from prateek panwar ssc cgl 2024 my pre exam was on 10th september 2024 3rd shift reasoning 43 50 ga 33 50 quant 30 50 english 42 5 raw marks 148 5 200 normalised marks 159 8 read more question will a smoker s lungs clean themselves if they quit smoking and how long does it take answer from karen cohen i quit smoking in 1985 and i d smoked for 19 years i d been told that my lungs would restore themselves at age 71 38 years since i d smoked my last cigarette i was dia read more to control which emails we send you visit to unsubscribe from this type of email visit,0
049bffca5998ee5a,why is chữ nôm 𡨸喃 so easy to read,top stories for phuong question why is chữ nôm 𡨸喃 so easy to read answer from anhhai nguyen 阮兄𠄩 it is very difficult to learn nôm 𡨸喃 because first of all you have to learn hanji and then you just start learning nôm nôm is not standardized so it has many variation read more question how many people have left bts s fandom after learning that jimin is not as innocent as he appears what are the reasons for leaving the fandom answer from susan honestly i thought that this was a stupid question but i was inspired to answer because of my husband s spontaneous response mind you he is not army but likes many bts read more question why does windows 11 take 80 memory while only running 2 tabs of chrome even though my laptop is still brand new and has 8gb of ram answer from phillip remaker in general chrome will greedily gobble up unused ram to cache data for speed you can turn chrome s memory saver on to prevent that but chrome should theoretically be read more question are vietnamese and filipinos similar answer from indio bravo i am a filipino who has lived in vietnam for three years and i have seen similarities but largely they are quite distinct from each other some friends noticeably from read more question what are some great books to read when you re feeling lost in life answer from arnav das disclaimer i won t be recommending you a list of books to read for that purpose but if you re someone who is feeling lost in life then this given book has a lot of poten read more question do speakers degrade after use and lead to worse sound quality the more it has been used answer from frank malitz often the very best loud speakers require extensive break in generally speaking almost all speakers will improve after you ve played them for a little while they shoul read more question i am 5 7 at 17 years old will i get taller than that if i m a guy answer from tyler botelho yeah don t listen to any of these google searchers you can still grow after 22 how do i know cuz i have i m 22 years old still having growing pains and every single ti read more question what makes indonesians still living in the country if the country is so bad answer from kristian arittatouw lain ladang lain belalang indonesia isn t all bad not every country in the world is perfect each has its own strengths and weaknesses i find indonesia ironic yet read more question can we make a web server with c from scratch without any library or framework asked in codecamp answer from christopher f clark can it be done yes how do you think those libraries were created they are simply program fragments quite possibly written in c or c there may be fragments e g o read more question do smokers lungs heal after quitting answer from muzaffer topdagi i ve smoked for 40 years now but was never a heavy smoker something like a pack every two or three days kind of a smoker i recently quit cold turkey it s been 40 days read more question what does 吃鸡 mean in chinese answer from billy r kingston literally 吃鸡 means eat chicken in chinese but recently it has extended meaning as an online buzzword referring the popular game 绝地求生 大逃杀 or playerunknown s battle read more question what s the difference between i fear nothing and i don t fear anything which one is more correct or standard answer from mike mendis what s the difference between i fear nothing and i don t fear anything which one is more correct or standard both are grammatically correct and neither one is m read more to control which emails we send you visit to unsubscribe from this type of email visit,0
c6cee893ee98c4ba,does a cpu get weaker over time,top stories for phuong question does a cpu get weaker over time answer from kííezen no cpus don t get weaker with age they run or they die generally a cpu works or it doesn t partial failures are rare the chips themselves don t slow down from hone read more question why is vietnam so dirty answer from david mcleod i spend quite a bit of time in vietnam i travel there every month vietnam is a rapidly developing country with many new housing estates being built around the country a read more question if a cop asks where you are going do you have to tell them answer from russell hankins the last time i got a traffic ticket the officer asked me where i was going i politely told him that i was going north he later asked me where i was coming from i poli read more question is coffee healthy answer from jeffers son every day more than one billion people consume coffee coffee is an important part of human life it is engaged with people s lives at all times drinking coffee stimulat read more question what do cc and cl mean in vietnamese answer from thang ho in vietnamese if the word is abbreviated they will have a lot of meaning cc and cl are example on the good side cc means chào cờ salute the flag con cá fish c read more question you wake up and it s 1984 no wifi no smartphones what is the first thing you do answer from ian williams 1984 easy answer i get on the first plane to california and look up a man named ronald wayne in the phone book i go straight to his house and offer him 1000 for the s read more question how can a meth addict ever be happy if their brain doesn t produce dopamine anymore answer from mary a meth addict can only ever be happy if they are truly clean and not using drugs the brain does produce dopamine but it takes time i have 3 years clean from meth and the read more question is c a good first programming language answer from bob jarvis omg noooooooo i ve been programming since i was 16 the digits have now swapped places but i m still writing code so perhaps i can provide a bit of read more question can dogs smell evil someone or human asked in dog lovers answer from karen mceuen novak yes absolutely here is a prime example i was selling a large screen tv and i put an ad online a man came over to buy the tv and my late dog annie a pit bull immed read more question i m 52 years old and nobody will hire me why answer from steven husmann i retired at 59 1 2 after not working a job i felt it wasn t as great as i thought so a year later i applied for work i did not want to be in leadership and only wanted read more question in english which is correct it is i or it s me answer from frank dauenhauer in english which is correct it is i or it s me it could be either one depending on the question that was asked just prior to that answer if the question was read more question is having children worth it answer from jens adler nielsen i saw a study comparing the happiness of people with and without children if i remember correctly the study was done in holland denmark and australia the study reache read more to control which emails we send you visit to unsubscribe from this type of email visit,0
979e1c5c71c20fa9,why are vietnamese say this with me ê cu and what does it mean,top stories for phuong question why are vietnamese say this with me ê cu and what does it mean answer from dong quyet saying ê cu is similar to say hey buddy or hey you with a boy in english for more detail ê is just like hey in english cu in this context is a pronoun used read more question why do cpus need a clock why can t they just do things as fast as possible without worrying about how fast they are doing it answer from miguel corazao why do cpus need a clock why can t they just do things as fast as possible without worrying about how fast they are doing it i actually did a research project in co read more question will a smoker s lungs clean themselves if they quit smoking and how long does it take answer from bill black i smoked from 17 to 65 two packs a day until around 45 when i went to a pack a day i also smoked weed the entire time at 65 the va diagnosed me with stage 4 copd afte read more question you wake up and it s 1984 no wifi no smartphones what is the first thing you do answer from ian williams 1984 easy answer i get on the first plane to california and look up a man named ronald wayne in the phone book i go straight to his house and offer him 1000 for the s read more question i have a high iq so why am i a slow thinker answer from jeffery lemieux i m very gratified to have encountered this question i have a moderately high iq 135 but have long struggled with what feels like the snail s pace that my understanding read more question do narcissists fake all relationships answer from lisa jordan not at first but that doesn t mean the relationship won t become fake over time narcissists can fall for romantic partners just like anyone else the problem is they ca read more question is 13 centimeters average for a 13 year old answer from eddy o donnell no not at all 13 centimeters is way too short for a 13 year old the average 13 year old is around 157 centimeters tall 13 is way too short how are you even typing whe read more question why does every gamer want 60 fps when the human eye cannot process more than 30 fps answer from matthew ford when i was a designer producer at atari arcade division i was able to test this directly the monitors we worked with could be either in 60 or 30 fps no in between we h read more question what happens if your card is declined at a restaurant and you ve already eaten the food answer from martin thomas happened to me in vienna austria was there with my son and we ate for approximately 100 usd card did not work i had no cash i was very embarrassed but they waiter ju read more question why is vietnam so dirty answer from jeff henders i lived there for six years and one day i asked a 75 year old expat the same question he gave me the only answer that makes sense to me but first we have to define what read more question why is i am as lazy as them wrong in english grammar i am an international student and my teacher said it s a wrong sentence but didn t tell me why answer from frank dauenhauer why is i am as lazy as them wrong in english grammar i am an international student and my teacher said it s a wrong sentence but didn t tell me why it is wrong bec read more question how get views in my website answer from rukkaiya sani it takes time to get a high volume of visitors coming to your sites daily it s not just about putting out content and expecting people to rush to it you need to develop read more to control which emails we send you visit to unsubscribe from this type of email visit,0
01e280eb74fff28e,cập nhật các chính sách của discord,xin chào chúng tôi muốn thông báo cho bạn biết rằng chúng tôi sẽ cập nhật điều khoản dịch vụ chính sách bảo mật điều khoản dịch vụ trả phí và nguyên tắc cộng đồng những cập nhật này sẽ hỗ trợ việc phát triển kinh doanh đáp ứng các thay đổi về luật pháp và làm rõ thêm những điều chúng tôi mong đợi từ bạn cũng như những điều bạn có thể mong đợi từ chúng tôi khi sử dụng dịch vụ của discord những thay đổi này sẽ có hiệu lực từ ngày 29 09 2025 quá trình sử dụng dịch vụ của chúng tôi từ ngày đó sẽ phải tuân thủ các chính sách đã cập nhật chúng tôi khuyến khích bạn xem toàn bộ các tài liệu đã cập nhật chúng tôi cũng đã tóm tắt những thay đổi quan trọng trong bài viết ở đây nếu không đồng ý với bất kỳ chính sách nào bạn có thể chấm dứt thỏa thuận với chúng tôi bất cứ lúc nào bằng cách ngừng sử dụng dịch vụ và xóa tài khoản discord của mình cảm ơn bạn đã giúp chúng tôi đưa discord trở thành nơi xây dựng những kết nối ý nghĩa xoay quanh niềm vui chơi game nếu bạn đã nhận thông báo này trước đó vui lòng ghi chú rằng các tài liệu trong liên kết đã được cập nhật với các chính sách mới vui lòng xem lại vì chúng sẽ áp dụng từ ngày 29 09 2025 discord,0
0f0365365aa3aa7c,an0504 _ đã gửi tin nhắn cho bạn,bạn có 1 tin nhắn mới an xem tin nhắn cần giúp đỡ liên hệ nhóm hỗ trợ hoặc thông qua twitter discord muốn cung cấp phản hồi hãy cho chúng tôi biết ý kiến của bạn trên trang phản hồi bật thông báo tải discord về điện thoại của bạn và nhận thông báo đẩy cho các hoạt động từ discord như nhắn tin đề cập yêu cầu kết bạn và sự kiện tải ứng dụng được gửi bởi discord tham khảo blog của chúng tôi discord 444 de haro street suite 200 san francisco ca hủy đăng ký,0
080ac666b2453ef5,xác nhận địa chỉ email discord,hey bikum2301 thanks for registering for an account on discord before we get started we just need to confirm that this is you click below to verify your email address verify email,0
fa7bc30060c4f9f2,chào mừng bạn đến với discord,bạn vừa bước vào bầu khí quyển tầng cao của discord một thế giới hoang dã và kỳ diệu với vô số các không gian thoải mái để các cộng đồng có thể dành thời gian bên nhau khi bạn dần hạ xuống đây là một số mẹo để có một cuộc hạ cánh tuyệt vời chào mừng bạn đến với discord bikum2301 bạn vừa bước vào bầu khí quyển tầng cao của discord một thế giới hoang dã và kỳ diệu với vô số các không gian thoải mái để các cộng đồng có thể dành thời gian bên nhau khi bạn dần hạ xuống đây là một số mẹo để có một cuộc hạ cánh tuyệt vời tận dụng tối đa discord tham gia một máy chủ máy chủ là các không gian trên discord nơi các cộng đồng và nhóm bạn bè tụ tập chơi đùa tìm kiếm các máy chủ công cộng để tham gia hoặc tạo máy chủ của riêng bạn và mời bất kỳ ai mà bạn muốn khám phá máy chủ tìm bạn bè bạn đã biết tên người dùng của một người bạn hãy di chuột ở trên nút thêm bạn và nhập tên người dùng vào thêm bạn bè trò chuyện qua văn bản thoại và video tất cả các máy chủ và dm đều có các tùy chọn văn bản thoại và video hãy tới và trò chuyện cùng nhau trò chuyện ngay xuất hiện theo phong cách của riêng bạn tải lên ảnh đại diện thay đổi tên người dùng và thêm vai trò để giúp hồ sơ của bạn trở nên nổi bật và cho tất cả mọi người biết bạn là ai trên discord tùy chỉnh vẻ ngoài của bạn sẵn sàng hạ cánh chưa nào mở discord tải về discord được gửi bởi discord tham khảo blog của chúng tôi discord 444 de haro street suite 200 san francisco ca cần giúp đỡ liên hệ nhóm hỗ trợ hoặc thông qua twitter discord muốn cung cấp phản hồi hãy cho chúng tôi biết ý kiến của bạn trên trang phản hồi,0
375e83ff8d66cd86,bản cập nhật,chúng tôi xin gửi đến bạn những bản cập nhật về phiên bản mới nhằm trải nghiệm của bạn được tốt hơn nhấn vào đây tải về để biết các mẹo về mật khẩu có tính bảo mật cao chính sách quyền riêng tư hỗ trợ điều khoản sử dụng đây là dịch vụ thư thông báo tập đoàn riot games đại lộ west olympic los angeles ca hoa kỳ 2021 riot games đã đăng ký bản quyền năm 2021 bởi tập đoàn riot games riot games liên minh huyền thoại đấu trường chân lý liên minh huyền thoại tốc chiến huyền thoại runeterra valorant riot forge và các logo liên quan là nhãn hiệu nhãn hiệu dịch vụ và hoặc nhãn hiệu đã đăng ký của tập đoàn riot games,0
43175a23cfed4f88,sonrisa fresca,hola sanitas set dental oral b el set dental oral b está pensado para apoyar la higiene bucal diaria en casa una opción práctica para el cuidado habitual de la sonrisa más información recibes este mensaje en función de tu interés en productos de cuidado personal gestionar preferencias haz clic aquí postman password reset dear postman user we ve received your request to reset your password please click the link below to complete the reset reset my password this link is valid for a single use and expires in 24 hours please ignore this email if you did not initiate this change if you need additional assistance please contact 2025 postman inc all rights reserved 201 mission street suite 2375 san francisco ca 1 415 796 6470,0
5743c5f1b6a7222a,bienvenue chez sephora,bonjour sephora lancôme beauty box découvrez la beauty box lancôme une sélection raffinée de produits de beauté un beau cadeau à offrir ou à s offrir pour un moment de soin et de plaisir en savoir plus vous recevez ce message en lien avec votre intérêt pour les produits de beauté gérer vos préférences cliquez ici,0
62b4537d67c6eba0,re share request for malwareanalysis,vào 18 00 t 2 6 th10 2025 huynh van duc an via google drive đã viết share a folder huynh van duc an is requesting access to the following folder dit con me may malwareanalysis manage sharing google llc 1600 amphitheatre parkway mountain view ca usa you have received this email because requested access to a file or folder located in google drive,0
30f2b494542c71bc,mã giải mã,mã giải mã của bạn là gcuon975,0
